{"cameraMode":{"drawMode":0,"name":"Shaded","section":"Shading Mode"},"sceneLighting":true,"audioPlay":false,"sceneViewState":{"showFog":false,"showMaterialUpdate":false,"showSkybox":false,"showFlares":false,"showImageEffects":false,"showParticleSystems":false},"in2DMode":false,"pivot":{"x":0.19682013988494874,"y":-0.49294716119766238,"z":10.851154327392579},"rotation":{"x":0.014708353206515313,"y":0.004795475862920284,"z":-0.00007028018444543704,"w":0.999890148639679},"size":9.199592590332032,"orthographic":false}